language_name_glotto,source
Abkhazian,https://unicode.org/udhr/d/udhr_abk.txt (30/01/2019)
Alamblak,http://pngscriptures.org/amp/copyright.htm
Amele,http://pngscriptures.org/aey/index.htm
Apurinã,http://www.scriptureearth.org/data/apu
Bagirmi,"Keegan, J. M., and Djibrine, M. I. (2016). Bagirmi lexicon, Bagirmi-French, French-Bagirmi, with grammatical introduction in English. Second Edition, Morkeg Books, Cuenca."
Barasana-Eduria,http://www.scriptureearth.org/data/bsn
Basque,https://www.bible.com/de/bible/56/gen.1.eab
Basque,https://object.pouta.csc.fi/OPUS-OpenSubtitles/v2018/raw/eu.zip
Basque,https://unicode.org/udhr/d/udhr_eus.txt (30/01/2019)
Bukiyip,http://pngscriptures.org/ape/copyright.htm
Burmese,https://www.bible.com/de/bible/404/gen.1.bcl
Burmese,https://unicode.org/udhr/d/udhr_mya.txt (30/01/2019)
Burushaski,"Anderson, G. D. S., and Eggert, R. (2001). A typology of verb agreement in Burushaski. Linguistics of the Tibeto-Burman Area, Volume 24.2."
Canela-Krahô,https://scriptureearth.org/data/ram/PDF/00-PBram-web.pdf
Central Moroccan Berber,https://unicode.org/udhr/d/udhr_tzm.txt (30/01/2019)
Chamorro,"NA"
Chamorro,https://unicode.org/udhr/d/udhr_cha.txt (30/01/2019)
Chukchi,http://ibtrussia.org/en/text ?m=CHK
Copainalá Zoque,"Harrison, W. R. (1952). The Mason: A Zoque Text. Tlalocan, A Journal of Source Materials on the Native Cultures of Mexico, Volume III, Number 3, p. 193-204."
Daga,http://pngscriptures.org/dgz/copyright.htm
Eastern Oromo,http://www.bible.is/HAEBSE/Matt/1
Egyptian Arabic,http://www.bible.is/ARZVDV/Mark/1
English,http://www.gutenberg.org/files/51074/51074-h/51074-h.htm
English,http://www.gutenberg.org/files/45848/45848-h/45848-h.htm
English,http://www.gutenberg.org/files/37650/37650-h/37650-h.htm
English,http://www.gutenberg.org/ebooks/10376.html.noimages
English,http://www.gutenberg.org/files/338/338-h/338-h.htm
English,http://www.gutenberg.org/files/36136/36136-h/36136-h.htm
English,http://www.gutenberg.org/files/14200/14200-h/14200-h.htm
English,http://www.gutenberg.org/files/8600/8600-h/8600-h.htm
English,http://www.gutenberg.org/files/8558/8558-h/8558-h.htm
English,http://www.gutenberg.org/files/56860/56860-h/56860-h.htm
English,http://www.gutenberg.org/files/10720/10720-h/10720-h.htm
English,http://www.gutenberg.org/files/13851/13851-h/13851-h.htm
English,http://www.gutenberg.org/files/34912/34912-h/34912-h.htm
English,http://www.gutenberg.org/files/11270/11270-h/11270-h.htm
English,http://www.gutenberg.org/files/31662/31662-h/31662-h.htm
English,http://www.gutenberg.org/files/36457/36457-h/36457-h.htm
English,http://www.gutenberg.org/ebooks/19970.html.noimages
English,http://www.gutenberg.org/files/28164/28164-h/28164-h.htm
English,http://www.gutenberg.org/ebooks/12680.html.noimages
English,http://www.gutenberg.org/files/50980/50980-h/50980-h.htm
English,http://www.gutenberg.org/files/20631/20631-h/20631-h.htm
English,http://www.gutenberg.org/files/29875/29875-h/29875-h.htm
English,http://www.gutenberg.org/files/20638/20638-h/20638-h.htm
English,http://www.gutenberg.org/files/28982/28982-h/28982-h.htm
English,http://www.gutenberg.org/files/35076/35076-h/35076-h.htm
English,http://www.gutenberg.org/files/51213/51213-h/51213-h.htm
English,http://www.gutenberg.org/files/35238/35238-h/35238-h.htm
English,http://www.gutenberg.org/files/16408/16408-h/16408-h.htm
English,http://www.gutenberg.org/files/56264/56264-h/56264-h.htm
English,http://www.gutenberg.org/files/57836/57836-h/57836-h.htm
English,http://www.gutenberg.org/files/29190/29190-h/29190-h.htm
English,http://www.gutenberg.org/files/38413/38413-h/38413-h.htm
English,http://www.gutenberg.org/files/49795/49795-h/49795-h.htm
English,http://www.gutenberg.org/files/23893/23893-h/23893-h.htm
English,http://www.gutenberg.org/ebooks/20078.html.noimages
English,http://www.gutenberg.org/files/45623/45623-h/45623-h.htm
English,http://www.gutenberg.org/files/2135/2135-h/2135-h.htm
English,http://www.gutenberg.org/ebooks/15381.html.noimages
English,http://www.gutenberg.org/ebooks/6304.html.noimages
English,http://www.gutenberg.org/files/29322/29322-h/29322-h.htm
English,http://www.gutenberg.org/files/34404/34404-h/34404-h.htm
English,http://www.gutenberg.org/files/29207/29207-h/29207-h.htm
English,http://www.gutenberg.org/files/33747/33747-h/33747-h.htm
English,http://www.gutenberg.org/ebooks/25020.html.noimages
English,http://www.gutenberg.org/files/50952/50952-h/50952-h.htm
English,http://www.gutenberg.org/files/57810/57810-h/57810-h.htm
English,http://www.gutenberg.org/files/31132/31132-h/31132-h.htm
English,http://www.gutenberg.org/files/60277/60277-h/60277-h.htm
English,http://www.gutenberg.org/files/18285/18285-h/18285-h.htm
English,http://www.gutenberg.org/files/31903/31903-h/31903-h.htm
English,http://www.gutenberg.org/files/20763/20763-h/20763-h.htm
English,http://www.gutenberg.org/files/22766/22766-h/22766-h.htm
English,http://www.gutenberg.org/files/42369/42369-h/42369-h.htm
English,http://www.gutenberg.org/files/22298/22298-h/22298-h.htm
English,http://www.gutenberg.org/files/44509/44509-h/44509-h.htm
English,http://www.gutenberg.org/files/57474/57474-h/57474-h.htm
English,http://www.gutenberg.org/files/50540/50540-h/50540-h.htm
English,http://www.gutenberg.org/files/59709/59709-h/59709-h.htm
English,http://www.gutenberg.org/files/35242/35242-h/35242-h.htm
English,http://www.gutenberg.org/files/45228/45228-h/45228-h.htm
English,http://www.gutenberg.org/files/4344/4344-h/4344-h.htm
English,http://www.gutenberg.org/files/13923/13923-h/13923-h.htm
English,http://www.gutenberg.org/files/36378/36378-h/36378-h.htm
English,http://www.gutenberg.org/files/44466/44466-h/44466-h.htm
English,http://www.gutenberg.org/files/37961/37961-h/37961-h.htm
English,http://www.gutenberg.org/files/39023/39023-h/39023-h.htm
English,http://www.gutenberg.org/files/53307/53307-h/53307-h.htm
English,http://www.gutenberg.org/files/22150/22150-h/22150-h.htm
English,http://www.gutenberg.org/files/55898/55898-h/55898-h.htm
English,http://www.gutenberg.org/ebooks/10668.html.noimages
English,http://www.gutenberg.org/ebooks/4363.html.noimages
English,http://www.gutenberg.org/files/33575/33575-h/33575-h.htm
English,http://www.gutenberg.org/files/33435/33435-h/33435-h.htm
English,http://www.gutenberg.org/files/39664/39664-h/39664-h.htm
English,http://www.gutenberg.org/files/27799/27799-h/27799-h.htm
English,http://www.gutenberg.org/files/51935/51935-h/51935-h.htm
English,http://www.gutenberg.org/files/33268/33268-h/33268-h.htm
English,http://www.gutenberg.org/files/46262/46262-h/46262-h.htm
English,http://www.gutenberg.org/files/47610/47610-h/47610-h.htm
English,http://www.gutenberg.org/files/45812/45812-h/45812-h.htm
English,http://www.gutenberg.org/files/55584/55584-h/55584-h.htm
English,http://sourceforge.net/projects/zefania-sharp/files/Bibles/ENG/New%20Simplified%20Bible/
English,https://object.pouta.csc.fi/OPUS-OpenSubtitles/v2018/raw/en.zip
English,https://unicode.org/udhr/d/udhr_eng.txt (30/01/2019)
Fijian,https://www.bible.com/de/bible/508/gen.1.fov
Fijian,https://unicode.org/udhr/d/udhr_fij.txt (30/01/2019)
Finnish,http://www.gutenberg.org/ebooks/52751.html.noimages
Finnish,http://www.gutenberg.org/ebooks/53137.html.noimages
Finnish,http://www.gutenberg.org/ebooks/52471.html.noimages
Finnish,http://www.gutenberg.org/ebooks/50538.html.noimages
Finnish,http://www.gutenberg.org/ebooks/41531.html.noimages
Finnish,http://www.gutenberg.org/ebooks/40512.html.noimages
Finnish,http://www.gutenberg.org/ebooks/14349.html.noimages
Finnish,http://www.gutenberg.org/ebooks/52675.html.noimages
Finnish,http://www.gutenberg.org/ebooks/41686.html.noimages
Finnish,http://www.gutenberg.org/ebooks/43000.html.noimages
Finnish,http://www.gutenberg.org/ebooks/45358.html.noimages
Finnish,http://www.gutenberg.org/ebooks/14292.html.noimages
Finnish,http://www.gutenberg.org/ebooks/17638.html.noimages
Finnish,http://www.gutenberg.org/ebooks/50763.html.noimages
Finnish,http://www.gutenberg.org/ebooks/42295.html.noimages
Finnish,http://www.gutenberg.org/ebooks/13991.html.noimages
Finnish,http://www.gutenberg.org/ebooks/50711.html.noimages
Finnish,http://www.gutenberg.org/ebooks/41482.html.noimages
Finnish,http://www.gutenberg.org/ebooks/39859.html.noimages
Finnish,http://www.gutenberg.org/ebooks/40258.html.noimages
Finnish,http://www.gutenberg.org/ebooks/49623.html.noimages
Finnish,http://www.gutenberg.org/ebooks/57286.html.noimages
Finnish,http://www.gutenberg.org/ebooks/38924.html.noimages
Finnish,http://www.gutenberg.org/ebooks/18870.html.noimages
Finnish,http://www.gutenberg.org/ebooks/55537.html.noimages
Finnish,http://www.gutenberg.org/ebooks/48017.html.noimages
Finnish,http://www.gutenberg.org/ebooks/25924.html.noimages
Finnish,http://www.gutenberg.org/ebooks/55544.html.noimages
Finnish,http://www.gutenberg.org/ebooks/57085.html.noimages
Finnish,http://www.gutenberg.org/ebooks/49646.html.noimages
Finnish,http://www.gutenberg.org/ebooks/45665.html.noimages
Finnish,http://www.gutenberg.org/ebooks/53484.html.noimages
Finnish,http://www.gutenberg.org/ebooks/55349.html.noimages
Finnish,http://www.gutenberg.org/ebooks/47681.html.noimages
Finnish,http://www.gutenberg.org/ebooks/55823.html.noimages
Finnish,http://www.gutenberg.org/ebooks/55848.html.noimages
Finnish,http://www.gutenberg.org/ebooks/55937.html.noimages
Finnish,http://www.gutenberg.org/ebooks/55943.html.noimages
Finnish,http://www.gutenberg.org/ebooks/48074.html.noimages
Finnish,http://www.gutenberg.org/ebooks/48073.html.noimages
Finnish,http://www.gutenberg.org/ebooks/59445.html.noimages
Finnish,http://www.gutenberg.org/ebooks/36392.html.noimages
Finnish,http://www.gutenberg.org/ebooks/48159.html.noimages
Finnish,http://www.gutenberg.org/ebooks/37689.html.noimages
Finnish,http://www.gutenberg.org/ebooks/49552.html.noimages
Finnish,http://www.gutenberg.org/ebooks/51583.html.noimages
Finnish,http://www.gutenberg.org/ebooks/49666.html.noimages
Finnish,http://www.gutenberg.org/ebooks/58906.html.noimages
Finnish,http://www.gutenberg.org/ebooks/20020.html.noimages
Finnish,http://www.gutenberg.org/files/26096/26096-h/26096-h.htm
Finnish,http://www.gutenberg.org/files/25996/25996-h/25996-h.htm
Finnish,http://www.gutenberg.org/ebooks/25069.html.noimages
Finnish,http://www.gutenberg.org/ebooks/45062.html.noimages
Finnish,http://www.gutenberg.org/ebooks/51648.html.noimages
Finnish,http://www.gutenberg.org/ebooks/54206.html.noimages
Finnish,http://www.gutenberg.org/files/44817/44817-h/44817-h.htm
Finnish,http://www.gutenberg.org/ebooks/48447.html.noimages
Finnish,http://www.gutenberg.org/ebooks/59661.html.noimages
Finnish,http://www.gutenberg.org/ebooks/51673.html.noimages
Finnish,http://www.gutenberg.org/ebooks/53998.html.noimages
Finnish,http://www.gutenberg.org/ebooks/52497.html.noimages
Finnish,http://www.gutenberg.org/ebooks/48424.html.noimages
Finnish,http://www.gutenberg.org/ebooks/50009.html.noimages
Finnish,http://www.gutenberg.org/ebooks/46854.html.noimages
Finnish,http://www.gutenberg.org/ebooks/56405.html.noimages
Finnish,http://www.gutenberg.org/ebooks/53437.html.noimages
Finnish,http://www.gutenberg.org/ebooks/26926.html.noimages
Finnish,http://www.gutenberg.org/ebooks/54085.html.noimages
Finnish,http://www.gutenberg.org/ebooks/54229.html.noimages
Finnish,http://www.gutenberg.org/ebooks/40007.html.noimages
Finnish,http://www.gutenberg.org/files/43717/43717-h/43717-h.htm
Finnish,http://www.gutenberg.org/ebooks/58760.html.noimages
Finnish,http://www.gutenberg.org/ebooks/31812.html.noimages
Finnish,http://www.gutenberg.org/ebooks/55050.html.noimages
Finnish,http://www.gutenberg.org/ebooks/54044.html.noimages
Finnish,http://www.gutenberg.org/ebooks/57151.html.noimages
Finnish,http://www.gutenberg.org/ebooks/55248.html.noimages
Finnish,http://www.gutenberg.org/ebooks/13564.html.noimages
Finnish,http://www.gutenberg.org/ebooks/56225.html.noimages
Finnish,http://www.gutenberg.org/ebooks/57084.html.noimages
Finnish,http://www.gutenberg.org/ebooks/58637.html.noimages
Finnish,http://www.gutenberg.org/ebooks/13581.html.noimages
Finnish,http://www.gutenberg.org/ebooks/13580.html.noimages
Finnish,http://www.gutenberg.org/ebooks/49834.html.noimages
Finnish,http://www.gutenberg.org/ebooks/47199.html.noimages
Finnish,http://www.gutenberg.org/ebooks/48629.html.noimages
Finnish,http://www.gutenberg.org/ebooks/39182.html.noimages
Finnish,http://www.gutenberg.org/ebooks/10863.html.noimages
Finnish,http://www.gutenberg.org/ebooks/13768.html.noimages
Finnish,http://www.gutenberg.org/ebooks/59481.html.noimages
Finnish,http://www.gutenberg.org/ebooks/13920.html.noimages
Finnish,http://www.gutenberg.org/ebooks/44869.html.noimages
Finnish,http://www.gutenberg.org/ebooks/56123.html.noimages
Finnish,http://www.gutenberg.org/ebooks/33100.html.noimages
Finnish,http://www.gutenberg.org/ebooks/56124.html.noimages
Finnish,http://www.gutenberg.org/ebooks/56125.html.noimages
Finnish,http://www.gutenberg.org/ebooks/13691.html.noimages
Finnish,http://www.gutenberg.org/ebooks/13745.html.noimages
Finnish,http://www.gutenberg.org/ebooks/60049.html.noimages
Finnish,http://www.gutenberg.org/ebooks/13769.html.noimages
Finnish,http://www.gutenberg.org/ebooks/53392.html.noimages
Finnish,http://www.gutenberg.org/ebooks/13780.html.noimages
Finnish,http://www.gutenberg.org/ebooks/13779.html.noimages
Finnish,http://www.gutenberg.org/ebooks/38979.html.noimages
Finnish,http://www.gutenberg.org/ebooks/9082.html.noimages
Finnish,http://www.gutenberg.org/ebooks/13919.html.noimages
Finnish,http://www.gutenberg.org/ebooks/13566.html.noimages
Finnish,http://www.gutenberg.org/ebooks/13850.html.noimages
Finnish,http://www.gutenberg.org/ebooks/13849.html.noimages
Finnish,http://www.gutenberg.org/ebooks/13663.html.noimages
Finnish,http://www.gutenberg.org/ebooks/13662.html.noimages
Finnish,http://www.gutenberg.org/ebooks/13874.html.noimages
Finnish,http://www.gutenberg.org/ebooks/10481.html.noimages
Finnish,http://www.gutenberg.org/ebooks/11967.html.noimages
Finnish,http://www.gutenberg.org/ebooks/52035.html.noimages
Finnish,http://www.gutenberg.org/ebooks/50202.html.noimages
Finnish,http://www.gutenberg.org/ebooks/53505.html.noimages
Finnish,http://www.gutenberg.org/ebooks/51791.html.noimages
Finnish,http://www.gutenberg.org/ebooks/13873.html.noimages
Finnish,http://www.gutenberg.org/ebooks/36190.html.noimages
Finnish,http://www.gutenberg.org/ebooks/36278.html.noimages
Finnish,http://www.gutenberg.org/ebooks/36328.html.noimages
Finnish,http://www.gutenberg.org/ebooks/36408.html.noimages
Finnish,http://www.gutenberg.org/ebooks/36466.html.noimages
Finnish,http://www.gutenberg.org/ebooks/36527.html.noimages
Finnish,http://www.gutenberg.org/ebooks/60161.html.noimages
Finnish,http://www.gutenberg.org/ebooks/13593.html.noimages
Finnish,http://www.gutenberg.org/ebooks/29127.html.noimages
Finnish,http://www.gutenberg.org/ebooks/18393.html.noimages
Finnish,http://www.gutenberg.org/ebooks/41933.html.noimages
Finnish,http://www.gutenberg.org/ebooks/42646.html.noimages
Finnish,http://www.gutenberg.org/ebooks/43564.html.noimages
Finnish,http://www.gutenberg.org/ebooks/43322.html.noimages
Finnish,http://www.gutenberg.org/ebooks/41626.html.noimages
Finnish,http://www.gutenberg.org/ebooks/51618.html.noimages
Finnish,http://www.gutenberg.org/ebooks/52277.html.noimages
Finnish,http://www.gutenberg.org/ebooks/59796.html.noimages
Finnish,http://www.gutenberg.org/ebooks/58000.html.noimages
Finnish,http://www.gutenberg.org/ebooks/57727.html.noimages
Finnish,http://www.gutenberg.org/ebooks/57831.html.noimages
Finnish,http://www.gutenberg.org/ebooks/57841.html.noimages
Finnish,http://www.gutenberg.org/ebooks/17924.html.noimages
Finnish,http://www.gutenberg.org/ebooks/17931.html.noimages
Finnish,http://www.gutenberg.org/ebooks/18710.html.noimages
Finnish,http://www.gutenberg.org/files/43850/43850-h/43850-h.htm
Finnish,http://www.gutenberg.org/ebooks/51507.html.noimages
Finnish,http://www.gutenberg.org/ebooks/53922.html.noimages
Finnish,http://www.gutenberg.org/ebooks/60722.html.noimages
Finnish,http://www.gutenberg.org/ebooks/53923.html.noimages
Finnish,http://www.gutenberg.org/files/48460/48460-h/48460-h.htm
Finnish,http://www.gutenberg.org/files/41745/41745-h/41745-h.htm
Finnish,http://www.gutenberg.org/ebooks/50264.html.noimages
Finnish,http://www.gutenberg.org/ebooks/57948.html.noimages
Finnish,http://www.gutenberg.org/ebooks/52771.html.noimages
Finnish,http://www.gutenberg.org/ebooks/53364.html.noimages
Finnish,http://www.gutenberg.org/ebooks/51172.html.noimages
Finnish,http://www.gutenberg.org/ebooks/49889.html.noimages
Finnish,http://www.gutenberg.org/ebooks/51602.html.noimages
Finnish,http://unbound.biola.edu/index.cfm?method=downloads.showDownloadMain
Finnish,https://object.pouta.csc.fi/OPUS-OpenSubtitles/v2018/raw/fi.zip
Finnish,https://unicode.org/udhr/d/udhr_fin.txt (30/01/2019)
French,http://www.gutenberg.org/files/18812/18812-h/18812-h.htm
French,http://www.gutenberg.org/files/42663/42663-h/42663-h.htm
French,http://www.gutenberg.org/files/30484/30484-h/30484-h.htm
French,http://www.gutenberg.org/files/26456/26456-h/26456-h.htm
French,http://www.gutenberg.org/files/24255/24255-h/24255-h.htm
French,http://www.gutenberg.org/files/19982/19982-h/19982-h.htm
French,http://www.gutenberg.org/files/27278/27278-h/27278-h.htm
French,http://www.gutenberg.org/files/43734/43734-h/43734-h.htm
French,http://www.gutenberg.org/files/22388/22388-h/22388-h.htm
French,http://www.gutenberg.org/files/22830/22830-h/22830-h.htm
French,http://www.gutenberg.org/files/31176/31176-h/31176-h.htm
French,http://www.gutenberg.org/ebooks/15462.html.noimages
French,http://www.gutenberg.org/files/44054/44054-h/44054-h.htm
French,http://www.gutenberg.org/files/60199/60199-h/60199-h.htm
French,http://www.gutenberg.org/files/55569/55569-h/55569-h.htm
French,http://www.gutenberg.org/files/58154/58154-h/58154-h.htm
French,http://www.gutenberg.org/files/55533/55533-h/55533-h.htm
French,http://www.gutenberg.org/files/22356/22356-h/22356-h.htm
French,http://www.gutenberg.org/files/61091/61091-h/61091-h.htm
French,http://www.gutenberg.org/files/44181/44181-h/44181-h.htm
French,http://www.gutenberg.org/files/43822/43822-h/43822-h.htm
French,http://www.gutenberg.org/files/43823/43823-h/43823-h.htm
French,http://www.gutenberg.org/files/44664/44664-h/44664-h.htm
French,http://www.gutenberg.org/files/55638/55638-h/55638-h.htm
French,http://www.gutenberg.org/files/56645/56645-h/56645-h.htm
French,http://www.gutenberg.org/files/22971/22971-h/22971-h.htm
French,http://www.gutenberg.org/files/46022/46022-h/46022-h.htm
French,http://www.gutenberg.org/files/56801/56801-h/56801-h.htm
French,http://www.gutenberg.org/files/55637/55637-h/55637-h.htm
French,http://www.gutenberg.org/files/50718/50718-h/50718-h.htm
French,http://www.gutenberg.org/files/44676/44676-h/44676-h.htm
French,http://www.gutenberg.org/ebooks/17808.html.noimages
French,http://www.gutenberg.org/files/16901/16901-h/16901-h.htm
French,http://www.gutenberg.org/ebooks/10774.html.noimages
French,http://www.gutenberg.org/files/58290/58290-h/58290-h.htm
French,http://www.gutenberg.org/files/60806/60806-h/60806-h.htm
French,http://www.gutenberg.org/files/33378/33378-h/33378-h.htm
French,http://www.gutenberg.org/files/15943/15943-h/15943-h.htm
French,http://www.gutenberg.org/ebooks/27566.html.noimages
French,http://www.gutenberg.org/files/23211/23211-h/23211-h.htm
French,http://www.gutenberg.org/files/56393/56393-h/56393-h.htm
French,http://www.gutenberg.org/files/18627/18627-h/18627-h.htm
French,http://www.gutenberg.org/files/58084/58084-h/58084-h.htm
French,http://www.gutenberg.org/files/58069/58069-h/58069-h.htm
French,http://www.gutenberg.org/files/36460/36460-h/36460-h.htm
French,http://www.gutenberg.org/files/47903/47903-h/47903-h.htm
French,http://www.gutenberg.org/files/21124/21124-h/21124-h.htm
French,http://www.gutenberg.org/files/43960/43960-h/43960-h.htm
French,http://www.gutenberg.org/files/44715/44715-h/44715-h.htm
French,http://www.gutenberg.org/ebooks/18092.html.noimages
French,http://www.gutenberg.org/ebooks/13598.html.noimages
French,http://www.gutenberg.org/files/43923/43923-h/43923-h.htm
French,http://www.gutenberg.org/files/51144/51144-h/51144-h.htm
French,http://www.gutenberg.org/files/49619/49619-h/49619-h.htm
French,http://www.gutenberg.org/files/34648/34648-h/34648-h.htm
French,http://www.gutenberg.org/files/29476/29476-h/29476-h.htm
French,http://www.gutenberg.org/files/5781/5781-h/5781-h.htm
French,http://www.gutenberg.org/files/48006/48006-h/48006-h.htm
French,http://www.gutenberg.org/files/22813/22813-h/22813-h.htm
French,http://www.gutenberg.org/files/11040/11040-h/11040-h.htm
French,http://www.gutenberg.org/ebooks/13834.html.noimages
French,http://www.gutenberg.org/files/18262/18262-h/18262-h.htm
French,http://www.gutenberg.org/files/23444/23444-h/23444-h.htm
French,http://www.gutenberg.org/ebooks/22111.html.noimages
French,http://www.gutenberg.org/ebooks/18197.html.noimages
French,http://www.gutenberg.org/files/55639/55639-h/55639-h.htm
French,http://www.gutenberg.org/files/26376/26376-h/26376-h.htm
French,http://www.gutenberg.org/files/39320/39320-h/39320-h.htm
French,http://www.gutenberg.org/files/18244/18244-h/18244-h.htm
French,http://www.gutenberg.org/ebooks/13704.html.noimages
French,http://www.gutenberg.org/files/18245/18245-h/18245-h.htm
French,http://www.gutenberg.org/files/25335/25335-h/25335-h.htm
French,http://www.gutenberg.org/files/27451/27451-h/27451-h.htm
French,http://www.gutenberg.org/files/51709/51709-h/51709-h.htm
French,http://www.gutenberg.org/files/59140/59140-h/59140-h.htm
French,http://www.gutenberg.org/files/9053/9053-h/9053-h.htm
French,http://www.gutenberg.org/files/35878/35878-h/35878-h.htm
French,http://www.gutenberg.org/files/57719/57719-h/57719-h.htm
French,http://www.gutenberg.org/files/46285/46285-h/46285-h.htm
French,http://www.gutenberg.org/files/16388/16388-h/16388-h.htm
French,http://www.gutenberg.org/files/15212/15212-h/15212-h.htm
French,http://www.gutenberg.org/files/18771/18771-h/18771-h.htm
French,http://www.gutenberg.org/files/39331/39331-h/39331-h.htm
French,http://www.gutenberg.org/files/20823/20823-h/20823-h.htm
French,http://www.gutenberg.org/files/20824/20824-h/20824-h.htm
French,http://www.gutenberg.org/files/20825/20825-h/20825-h.htm
French,http://www.gutenberg.org/files/20865/20865-h/20865-h.htm
French,http://www.gutenberg.org/files/26712/26712-h/26712-h.htm
French,http://www.gutenberg.org/files/33463/33463-h/33463-h.htm
French,http://www.gutenberg.org/files/17543/17543-h/17543-h.htm
French,http://www.gutenberg.org/files/20077/20077-h/20077-h.htm
French,http://www.gutenberg.org/files/24300/24300-h/24300-h.htm
French,http://www.gutenberg.org/ebooks/24867.html.noimages
French,http://www.gutenberg.org/files/41121/41121-h/41121-h.htm
French,http://www.gutenberg.org/ebooks/13938.html.noimages
French,http://www.gutenberg.org/ebooks/18518.html.noimages
French,http://www.gutenberg.org/files/58254/58254-h/58254-h.htm
French,http://www.gutenberg.org/files/11494/11494-h/11494-h.htm
French,http://www.gutenberg.org/files/29251/29251-h/29251-h.htm
French,http://www.gutenberg.org/files/19604/19604-h/19604-h.htm
French,http://www.gutenberg.org/files/44070/44070-h/44070-h.htm
French,http://sourceforge.net/projects/zefania-sharp/files/Bibles/FRE/Bible%20Perret-Gentil%20et%20Rilliet/
French,https://object.pouta.csc.fi/OPUS-OpenSubtitles/v2018/raw/fr.zip
French,https://unicode.org/udhr/d/udhr_fra.txt (30/01/2019)
Georgian,http://unbound.biola.edu/index.cfm?method=downloads.showDownloadMain
Georgian,https://object.pouta.csc.fi/OPUS-OpenSubtitles/v2018/raw/ka.zip
Georgian,https://unicode.org/udhr/d/udhr_kat.txt (30/01/2019)
German,http://www.gutenberg.org/files/48902/48902-h/48902-h.htm
German,http://www.gutenberg.org/files/47827/47827-h/47827-h.htm
German,http://www.gutenberg.org/files/37377/37377-h/37377-h.htm
German,http://www.gutenberg.org/files/35435/35435-h/35435-h.htm
German,http://www.gutenberg.org/files/31213/31213-h/31213-h.htm
German,http://www.gutenberg.org/files/41523/41523-h/41523-h.htm
German,http://www.gutenberg.org/files/41522/41522-h/41522-h.htm
German,http://www.gutenberg.org/files/52360/52360-h/52360-h.htm
German,http://www.gutenberg.org/files/48853/48853-h/48853-h.htm
German,http://www.gutenberg.org/files/51638/51638-h/51638-h.htm
German,http://www.gutenberg.org/files/57078/57078-h/57078-h.htm
German,http://www.gutenberg.org/files/21917/21917-h/21917-h.htm
German,http://www.gutenberg.org/files/47820/47820-h/47820-h.htm
German,http://www.gutenberg.org/files/44722/44722-h/44722-h.htm
German,http://www.gutenberg.org/files/24523/24523-h/24523-h.htm
German,http://www.gutenberg.org/files/22355/22355-h/22355-h.htm
German,http://www.gutenberg.org/files/30237/30237-h/30237-h.htm
German,http://www.gutenberg.org/files/31530/31530-h/31530-h.htm
German,http://www.gutenberg.org/files/39562/39562-h/39562-h.htm
German,http://www.gutenberg.org/files/30331/30331-h/30331-h.htm
German,http://www.gutenberg.org/files/30793/30793-h/30793-h.htm
German,http://www.gutenberg.org/files/23228/23228-h/23228-h.htm
German,http://www.gutenberg.org/files/28411/28411-h/28411-h.htm
German,http://www.gutenberg.org/files/45861/45861-h/45861-h.htm
German,http://www.gutenberg.org/ebooks/9178.html.noimages
German,http://www.gutenberg.org/files/23425/23425-h/23425-h.htm
German,http://www.gutenberg.org/files/35569/35569-h/35569-h.htm
German,http://www.gutenberg.org/files/53614/53614-h/53614-h.htm
German,http://www.gutenberg.org/files/22630/22630-h/22630-h.htm
German,http://www.gutenberg.org/files/46141/46141-h/46141-h.htm
German,http://www.gutenberg.org/files/46154/46154-h/46154-h.htm
German,http://www.gutenberg.org/files/52492/52492-h/52492-h.htm
German,http://www.gutenberg.org/files/55914/55914-h/55914-h.htm
German,http://www.gutenberg.org/files/43914/43914-h/43914-h.htm
German,http://www.gutenberg.org/files/46903/46903-h/46903-h.htm
German,http://www.gutenberg.org/files/49592/49592-h/49592-h.htm
German,http://www.gutenberg.org/files/49503/49503-h/49503-h.htm
German,http://www.gutenberg.org/files/44719/44719-h/44719-h.htm
German,http://www.gutenberg.org/files/44565/44565-h/44565-h.htm
German,http://www.gutenberg.org/files/60701/60701-h/60701-h.htm
German,http://www.gutenberg.org/files/19760/19760-h/19760-h.htm
German,http://www.gutenberg.org/files/49722/49722-h/49722-h.htm
German,http://www.gutenberg.org/files/36363/36363-h/36363-h.htm
German,http://www.gutenberg.org/ebooks/10507.html.noimages
German,http://www.gutenberg.org/files/49050/49050-h/49050-h.htm
German,http://www.gutenberg.org/files/52016/52016-h/52016-h.htm
German,http://www.gutenberg.org/files/47033/47033-h/47033-h.htm
German,http://www.gutenberg.org/files/46805/46805-h/46805-h.htm
German,http://www.gutenberg.org/files/39553/39553-h/39553-h.htm
German,http://www.gutenberg.org/files/38281/38281-h/38281-h.htm
German,http://www.gutenberg.org/files/46268/46268-h/46268-h.htm
German,http://www.gutenberg.org/files/44647/44647-h/44647-h.htm
German,http://www.gutenberg.org/files/35939/35939-h/35939-h.htm
German,http://www.gutenberg.org/files/40867/40867-h/40867-h.htm
German,http://www.gutenberg.org/files/46767/46767-h/46767-h.htm
German,http://www.gutenberg.org/files/47659/47659-h/47659-h.htm
German,http://www.gutenberg.org/files/50216/50216-h/50216-h.htm
German,http://www.gutenberg.org/files/23393/23393-h/23393-h.htm
German,http://www.gutenberg.org/ebooks/6110.html.noimages
German,http://www.gutenberg.org/files/60304/60304-h/60304-h.htm
German,http://www.gutenberg.org/files/19755/19755-h/19755-h.htm
German,http://www.gutenberg.org/files/52463/52463-h/52463-h.htm
German,http://www.gutenberg.org/files/55770/55770-h/55770-h.htm
German,http://www.gutenberg.org/files/47713/47713-h/47713-h.htm
German,http://www.gutenberg.org/files/19163/19163-h/19163-h.htm
German,http://www.gutenberg.org/files/50965/50965-h/50965-h.htm
German,http://www.gutenberg.org/files/50525/50525-h/50525-h.htm
German,http://www.gutenberg.org/files/61010/61010-h/61010-h.htm
German,http://www.gutenberg.org/files/35636/35636-h/35636-h.htm
German,http://www.gutenberg.org/files/48210/48210-h/48210-h.htm
German,http://www.gutenberg.org/files/56064/56064-h/56064-h.htm
German,http://www.gutenberg.org/files/56065/56065-h/56065-h.htm
German,http://www.gutenberg.org/files/56066/56066-h/56066-h.htm
German,http://www.gutenberg.org/files/56067/56067-h/56067-h.htm
German,http://www.gutenberg.org/files/56068/56068-h/56068-h.htm
German,http://www.gutenberg.org/files/56069/56069-h/56069-h.htm
German,http://www.gutenberg.org/files/50529/50529-h/50529-h.htm
German,http://www.gutenberg.org/files/38239/38239-h/38239-h.htm
German,http://www.gutenberg.org/files/49896/49896-h/49896-h.htm
German,http://www.gutenberg.org/files/43687/43687-h/43687-h.htm
German,http://www.gutenberg.org/files/49582/49582-h/49582-h.htm
German,http://www.gutenberg.org/files/44051/44051-h/44051-h.htm
German,http://www.gutenberg.org/files/16880/16880-h/16880-h.htm
German,http://www.gutenberg.org/files/48322/48322-h/48322-h.htm
German,http://www.gutenberg.org/ebooks/6724.html.noimages
German,http://www.gutenberg.org/ebooks/6641.html.noimages
German,http://www.gutenberg.org/files/50681/50681-h/50681-h.htm
German,http://www.gutenberg.org/files/57915/57915-h/57915-h.htm
German,http://www.gutenberg.org/files/50833/50833-h/50833-h.htm
German,http://www.gutenberg.org/files/51901/51901-h/51901-h.htm
German,http://www.gutenberg.org/files/60353/60353-h/60353-h.htm
German,http://www.gutenberg.org/ebooks/15734.html.noimages
German,http://www.gutenberg.org/files/57909/57909-h/57909-h.htm
German,http://www.gutenberg.org/files/29796/29796-h/29796-h.htm
German,http://www.gutenberg.org/files/30084/30084-h/30084-h.htm
German,http://www.gutenberg.org/files/48192/48192-h/48192-h.htm
German,http://www.gutenberg.org/files/19673/19673-h/19673-h.htm
German,http://www.gutenberg.org/files/27206/27206-h/27206-h.htm
German,http://www.gutenberg.org/files/54821/54821-h/54821-h.htm
German,http://www.gutenberg.org/files/46624/46624-h/46624-h.htm
German,http://www.gutenberg.org/files/40218/40218-h/40218-h.htm
German,http://www.gutenberg.org/files/14225/14225-h/14225-h.htm
German,http://www.gutenberg.org/files/51349/51349-h/51349-h.htm
German,http://www.gutenberg.org/files/26261/26261-h/26261-h.htm
German,http://www.gutenberg.org/ebooks/8803.html.noimages
German,http://www.gutenberg.org/ebooks/12921.html.noimages
German,http://www.gutenberg.org/files/40294/40294-h/40294-h.htm
German,http://www.gutenberg.org/files/59717/59717-h/59717-h.htm
German,http://www.gutenberg.org/files/50182/50182-h/50182-h.htm
German,http://www.gutenberg.org/files/49940/49940-h/49940-h.htm
German,http://www.gutenberg.org/ebooks/13953.html.noimages
German,http://www.gutenberg.org/files/57765/57765-h/57765-h.htm
German,http://www.gutenberg.org/files/47798/47798-h/47798-h.htm
German,http://www.gutenberg.org/files/31204/31204-h/31204-h.htm
German,http://www.gutenberg.org/files/48120/48120-h/48120-h.htm
German,http://www.gutenberg.org/files/50248/50248-h/50248-h.htm
German,http://www.gutenberg.org/files/46845/46845-h/46845-h.htm
German,http://www.gutenberg.org/files/49774/49774-h/49774-h.htm
German,http://www.gutenberg.org/files/51467/51467-h/51467-h.htm
German,http://www.gutenberg.org/ebooks/12267.html.noimages
German,http://www.gutenberg.org/ebooks/14105.html.noimages
German,http://www.gutenberg.org/ebooks/13690.html.noimages
German,http://www.gutenberg.org/files/19596/19596-h/19596-h.htm
German,http://www.gutenberg.org/files/41706/41706-h/41706-h.htm
German,http://www.gutenberg.org/files/37435/37435-h/37435-h.htm
German,http://www.gutenberg.org/files/37436/37436-h/37436-h.htm
German,http://www.gutenberg.org/files/52372/52372-h/52372-h.htm
German,http://www.gutenberg.org/files/24782/24782-h/24782-h.htm
German,http://www.gutenberg.org/files/57065/57065-h/57065-h.htm
German,http://www.gutenberg.org/files/23787/23787-h/23787-h.htm
German,http://www.gutenberg.org/files/49250/49250-h/49250-h.htm
German,http://www.gutenberg.org/files/52219/52219-h/52219-h.htm
German,http://www.gutenberg.org/files/18232/18232-h/18232-h.htm
German,http://www.gutenberg.org/files/18731/18731-h/18731-h.htm
German,http://www.gutenberg.org/files/48639/48639-h/48639-h.htm
German,http://www.gutenberg.org/files/16264/16264-h/16264-h.htm
German,http://www.gutenberg.org/files/39919/39919-h/39919-h.htm
German,http://www.gutenberg.org/files/47945/47945-h/47945-h.htm
German,http://bibel-online.net/buch/neue_evangelistische/markus/1/
German,https://object.pouta.csc.fi/OPUS-OpenSubtitles/v2018/raw/de.zip
German,https://unicode.org/udhr/d/udhr_deu_1996.txt (30/01/2019)
Gooniyandi,"McGregor, William B. (1984). A Grammar of Kuniyanti: An Australian Aboriginal language of Southern Kimberley, Western Australia. PhD thesis submitted to the University of Sydney."
Halh Mongolian,http://www.biblesos.org/mn/Abrahamyn-udam-Davidyn-udam-Yesus-Hristiin-ugiin-bichig/
Halh Mongolian,https://unicode.org/udhr/d/udhr_khk.txt (30/01/2019)
Hausa,https://www.bible.com/versions/71
Hausa,https://unicode.org/udhr/d/udhr_hau_NE.txt (30/01/2019)
Hausa,https://unicode.org/udhr/d/udhr_hau_NG.txt (30/01/2019)
Hindi,http://bible-server.org/Bible.php?L2=&translation=HIN&book=Genesis&ch=1<br>https://www.wordproject.org/bibles/in/
Hindi,https://object.pouta.csc.fi/OPUS-OpenSubtitles/v2018/raw/hi.zip
Hindi,https://www.wordproject.org/bibles/in_tr/index.htm
Hindi,https://unicode.org/udhr/d/udhr_hin.txt (30/01/2019)
Hixkaryána,https://www.scriptureearth.org/00i-Scripture_Index.php?sortby=lang&ISO_ROD_index=238 (last accessed 04.04.2019)
Hmong Njua,https://unicode.org/udhr/d/udhr_abk.txt (30/01/2019)
Imbabura Highland Quichua,https://www.bible.com/de/bible/264/gen.1.quii
Imonda,"Seiler, Walter (1985). Imonda, a Papuan language. Pacific Linguistics, Series B, No. 93."
Indonesian,http://www.bible.is/INZSHL/Gen/1<br>http://www.sabda.org/sejarah/sejarah/ver_kitab_suci_injil.htm
Indonesian,https://object.pouta.csc.fi/OPUS-OpenSubtitles/v2018/raw/id.zip
Indonesian,https://unicode.org/udhr/d/udhr_ind.txt (30/01/2019)
Japanese,http://www.gutenberg.org/ebooks/1982.html.noimages
Japanese,http://www.gutenberg.org/files/41325/41325-h/41325-h.htm
Japanese,http://www.gutenberg.org/files/36358/36358-h/36358-h.htm
Japanese,http://www.gutenberg.org/files/36976/36976-h/36976-h.htm
Japanese,http://www.gutenberg.org/ebooks/2592.html.noimages
Japanese,http://www.gutenberg.org/files/32941/32941-h/32941-h.htm
Japanese,http://www.gutenberg.org/files/33307/33307-h/33307-h.htm
Japanese,http://www.gutenberg.org/files/31757/31757-h/31757-h.htm
Japanese,http://www.gutenberg.org/files/35327/35327-h/35327-h.htm
Japanese,http://www.gutenberg.org/files/34636/34636-h/34636-h.htm
Japanese,http://www.gutenberg.org/files/34013/34013-h/34013-h.htm
Japanese,http://www.gutenberg.org/files/34084/34084-h/34084-h.htm
Japanese,http://www.gutenberg.org/files/38697/38697-h/38697-h.htm
Japanese,http://www.gutenberg.org/ebooks/31617.html.noimages
Japanese,http://www.gutenberg.org/files/37605/37605-h/37605-h.htm
Japanese,http://www.gutenberg.org/files/37626/37626-h/37626-h.htm
Japanese,http://www.gutenberg.org/files/36459/36459-h/36459-h.htm
Japanese,http://www.gutenberg.org/files/39287/39287-h/39287-h.htm
Japanese,http://www.gutenberg.org/files/35018/35018-h/35018-h.htm
Japanese,http://www.gutenberg.org/files/32978/32978-h/32978-h.htm
Japanese,http://www.gutenberg.org/files/34158/34158-h/34158-h.htm
Japanese,https://object.pouta.csc.fi/OPUS-OpenSubtitles/v2018/raw/ja.zip
Japanese,https://unicode.org/udhr/d/udhr_jpn.txt (30/01/2019)
Kalaallisut,"NA"
Kalaallisut,https://unicode.org/udhr/d/udhr_kal.txt (30/01/2019)
Kannada,https://unicode.org/udhr/d/udhr_kan.txt (30/01/2019)
Kayardild,"Round, Erich R. (2013). Kayardild morphology and syntax. Oxford Studies of Endangered Languages. Oxford, Oxford University Press."
Kiowa,"Harrington (1946). Three Kiowa texts. International Journal of American Linguistics, Vol. 12, No. 4., p. 237."
Korean,http://unbound.biola.edu/index.cfm?method=downloads.showDownloadMain
Korean,https://object.pouta.csc.fi/OPUS-OpenSubtitles/v2018/raw/ko.zip
Korean,https://unicode.org/udhr/d/udhr_kor.txt (30/01/2019)
Kutenai,"Boas, F. (1928). Kutenai tales. Washington Government Printing Office, p. 1."
Lango (Uganda),http://bibles.org/laj-B79/Matt/1
Lavukaleve,"Terrill, Angela (1999). A grammar of Lavukaleve: a Papuan language of the Solomon Islands. PhD thesis submitted to the Australian National University, p. 441-466."
Lavukaleve,"Terrill, Angela (1999). A grammar of Lavukaleve: a Papuan language of the Solomon Islands. PhD thesis submitted to the Australian National University, p. 466-475."
Lower Grand Valley Dani,"Bromley, H. M. (1981). A grammar of Lower Grand Valley Dani. Pacific Linguistics, C-63, pp. 399-408."
Luvale,https://unicode.org/udhr/d/udhr_lue.txt (30/01/2019)
Makah,"Davidson, M. & Werle, A. (2010). Makah texts and analysis. In J. Dunham & J. Lyon (Eds.), Papers for the 45th International Conference on Salish and Neighbouring Languages. University of Columbia Working Papers in Linguistics (pp. 140-154)."
Mandarin Chinese,http://www.gutenberg.org/ebooks/25328.html.noimages
Mandarin Chinese,http://www.gutenberg.org/ebooks/23825.html.noimages
Mandarin Chinese,http://www.gutenberg.org/ebooks/24041.html.noimages
Mandarin Chinese,http://www.gutenberg.org/ebooks/25217.html.noimages
Mandarin Chinese,http://www.gutenberg.org/ebooks/52269.html.noimages
Mandarin Chinese,http://www.gutenberg.org/ebooks/26932.html.noimages
Mandarin Chinese,http://www.gutenberg.org/ebooks/25246.html.noimages
Mandarin Chinese,http://www.gutenberg.org/ebooks/26739.html.noimages
Mandarin Chinese,http://www.gutenberg.org/ebooks/26873.html.noimages
Mandarin Chinese,http://www.gutenberg.org/ebooks/25606.html.noimages
Mandarin Chinese,http://www.gutenberg.org/ebooks/24225.html.noimages
Mandarin Chinese,http://www.gutenberg.org/ebooks/25393.html.noimages
Mandarin Chinese,http://www.gutenberg.org/ebooks/24185.html.noimages
Mandarin Chinese,http://www.gutenberg.org/ebooks/25501.html.noimages
Mandarin Chinese,http://www.gutenberg.org/ebooks/23938.html.noimages
Mandarin Chinese,http://www.gutenberg.org/ebooks/27119.html.noimages
Mandarin Chinese,http://www.gutenberg.org/ebooks/54494.html.noimages
Mandarin Chinese,http://www.gutenberg.org/ebooks/24068.html.noimages
Mandarin Chinese,http://www.gutenberg.org/ebooks/27686.html.noimages
Mandarin Chinese,http://www.gutenberg.org/ebooks/25196.html.noimages
Mandarin Chinese,http://www.gutenberg.org/ebooks/24048.html.noimages
Mandarin Chinese,http://www.gutenberg.org/ebooks/27330.html.noimages
Mandarin Chinese,http://www.gutenberg.org/ebooks/23873.html.noimages
Mandarin Chinese,http://www.gutenberg.org/ebooks/12479.html.noimages
Mandarin Chinese,http://www.gutenberg.org/ebooks/27399.html.noimages
Mandarin Chinese,http://www.gutenberg.org/ebooks/27059.html.noimages
Mandarin Chinese,http://www.gutenberg.org/ebooks/27060.html.noimages
Mandarin Chinese,http://www.gutenberg.org/ebooks/26904.html.noimages
Mandarin Chinese,http://www.gutenberg.org/ebooks/26886.html.noimages
Mandarin Chinese,http://www.gutenberg.org/ebooks/25352.html.noimages
Mandarin Chinese,http://www.gutenberg.org/ebooks/24051.html.noimages
Mandarin Chinese,http://www.gutenberg.org/ebooks/25422.html.noimages
Mandarin Chinese,http://www.gutenberg.org/ebooks/25146.html.noimages
Mandarin Chinese,http://www.gutenberg.org/ebooks/23841.html.noimages
Mandarin Chinese,http://www.gutenberg.org/ebooks/25288.html.noimages
Mandarin Chinese,http://www.gutenberg.org/ebooks/26921.html.noimages
Mandarin Chinese,http://www.gutenberg.org/ebooks/24230.html.noimages
Mandarin Chinese,http://www.gutenberg.org/ebooks/27332.html.noimages
Mandarin Chinese,http://www.gutenberg.org/ebooks/27331.html.noimages
Mandarin Chinese,http://www.gutenberg.org/ebooks/23585.html.noimages
Mandarin Chinese,http://www.gutenberg.org/ebooks/24264.html.noimages
Mandarin Chinese,https://object.pouta.csc.fi/OPUS-OpenSubtitles/v2016/raw/zh.zip
Mandarin Chinese,https://unicode.org/udhr/d/udhr_cmn_hans.txt (30/01/2019)
Mandarin Chinese,https://unicode.org/udhr/d/udhr_cmn_hant.txt (30/01/2019)
Mapudungun,http://www.scriptureearth.org/data/arn
Mapudungun,https://unicode.org/udhr/d/udhr_arn.txt (30/01/2019)
Martuthunira,"Dench, A. C. (1994). Martuthunira: A language of the Pilbara region of Western Australia, p. 264-266."
Martuthunira,"Dench, A. C. (1994). Martuthunira: A language of the Pilbara region of Western Australia, p. 266-271."
Martuthunira,"Dench, A. C. (1994). Martuthunira: A language of the Pilbara region of Western Australia, p. 271-274."
Martuthunira,"Dench, A. C. (1994). Martuthunira: A language of the Pilbara region of Western Australia, p. 274-279."
Martuthunira,"Dench, A. C. (1994). Martuthunira: A language of the Pilbara region of Western Australia, p. 279-281."
Martuthunira,"Dench, A. C. (1994). Martuthunira: A language of the Pilbara region of Western Australia, p. 282-287."
Martuthunira,"Dench, A. C. (1994). Martuthunira: A language of the Pilbara region of Western Australia, p. 287-314."
Mawng,https://www.bible.com/de/versions/1376<br>http://www.wycliffe.org
Maybrat-Karon,https://archive.org/details/rosettaproject_ayz_vertxt-1
Mezquital Otomi,NJAUA NT'OT'I RA HÑÄHÑU- NORMA DE ESCRITURA DE LA LENGUA HÑÄHÑU (OTOMÍ)
Mezquital Otomi,NJAUA NT'OT'I RA HÑÄHÑU - NORMA DE ESCRITURA DE LA LENGUA HÑÄHÑU (OTOMÍ) https://site.inali.gob.mx/Micrositios/normas/otomi.html
Mezquital Otomi,"Prontuario en Otomí/Español Hñähñu (INALI, Mexico)"
Mezquital Otomi,https://unicode.org/udhr/d/udhr_ote.txt (30/01/2019)
Modern Greek,http://www.gutenberg.org/files/39536/39536-h/39536-h.htm
Modern Greek,http://www.gutenberg.org/ebooks/31450.html.noimages
Modern Greek,http://www.gutenberg.org/files/41684/41684-h/41684-h.htm
Modern Greek,http://www.gutenberg.org/files/40150/40150-h/40150-h.htm
Modern Greek,http://www.gutenberg.org/ebooks/32815.html.noimages
Modern Greek,http://www.gutenberg.org/ebooks/27938.html.noimages
Modern Greek,http://www.gutenberg.org/ebooks/28606.html.noimages
Modern Greek,http://www.gutenberg.org/ebooks/28202.html.noimages
Modern Greek,http://www.gutenberg.org/ebooks/28061.html.noimages
Modern Greek,http://www.gutenberg.org/ebooks/28018.html.noimages
Modern Greek,http://www.gutenberg.org/ebooks/35655.html.noimages
Modern Greek,http://www.gutenberg.org/ebooks/34336.html.noimages
Modern Greek,http://www.gutenberg.org/ebooks/34095.html.noimages
Modern Greek,http://www.gutenberg.org/ebooks/34972.html.noimages
Modern Greek,http://www.gutenberg.org/ebooks/35789.html.noimages
Modern Greek,http://www.gutenberg.org/ebooks/34577.html.noimages
Modern Greek,http://www.gutenberg.org/ebooks/34169.html.noimages
Modern Greek,http://www.gutenberg.org/ebooks/32740.html.noimages
Modern Greek,http://www.gutenberg.org/ebooks/32852.html.noimages
Modern Greek,http://www.gutenberg.org/ebooks/37352.html.noimages
Modern Greek,http://www.gutenberg.org/ebooks/57629.html.noimages
Modern Greek,http://www.gutenberg.org/ebooks/30741.html.noimages
Modern Greek,http://www.gutenberg.org/files/42509/42509-h/42509-h.htm
Modern Greek,http://www.gutenberg.org/files/40478/40478-h/40478-h.htm
Modern Greek,http://www.gutenberg.org/ebooks/34767.html.noimages
Modern Greek,http://www.gutenberg.org/ebooks/37098.html.noimages
Modern Greek,http://www.gutenberg.org/ebooks/33351.html.noimages
Modern Greek,http://www.gutenberg.org/files/42397/42397-h/42397-h.htm
Modern Greek,http://www.gutenberg.org/ebooks/33442.html.noimages
Modern Greek,http://www.gutenberg.org/ebooks/36944.html.noimages
Modern Greek,http://www.gutenberg.org/files/39462/39462-h/39462-h.htm
Modern Greek,http://www.gutenberg.org/ebooks/37200.html.noimages
Modern Greek,http://www.gutenberg.org/ebooks/37395.html.noimages
Modern Greek,http://www.gutenberg.org/ebooks/36850.html.noimages
Modern Greek,http://www.gutenberg.org/ebooks/37585.html.noimages
Modern Greek,http://www.gutenberg.org/ebooks/37629.html.noimages
Modern Greek,http://www.gutenberg.org/ebooks/30748.html.noimages
Modern Greek,http://www.gutenberg.org/ebooks/32179.html.noimages
Modern Greek,http://www.gutenberg.org/ebooks/34132.html.noimages
Modern Greek,http://www.gutenberg.org/ebooks/32386.html.noimages
Modern Greek,http://www.gutenberg.org/files/40098/40098-h/40098-h.htm
Modern Greek,http://www.gutenberg.org/ebooks/36586.html.noimages
Modern Greek,http://www.gutenberg.org/ebooks/36622.html.noimages
Modern Greek,http://www.gutenberg.org/ebooks/36688.html.noimages
Modern Greek,http://www.gutenberg.org/files/38800/38800-h/38800-h.htm
Modern Greek,http://www.gutenberg.org/files/42512/42512-h/42512-h.htm
Modern Greek,http://www.gutenberg.org/files/42516/42516-h/42516-h.htm
Modern Greek,http://www.gutenberg.org/files/42511/42511-h/42511-h.htm
Modern Greek,http://www.gutenberg.org/ebooks/31802.html.noimages
Modern Greek,http://www.gutenberg.org/ebooks/34723.html.noimages
Modern Greek,http://www.gutenberg.org/ebooks/33354.html.noimages
Modern Greek,http://www.gutenberg.org/ebooks/33395.html.noimages
Modern Greek,http://www.gutenberg.org/ebooks/31653.html.noimages
Modern Greek,http://www.gutenberg.org/ebooks/35978.html.noimages
Modern Greek,http://www.gutenberg.org/files/42070/42070-h/42070-h.htm
Modern Greek,http://www.gutenberg.org/ebooks/27668.html.noimages
Modern Greek,http://www.gutenberg.org/ebooks/36205.html.noimages
Modern Greek,http://www.gutenberg.org/ebooks/36845.html.noimages
Modern Greek,http://www.gutenberg.org/ebooks/32211.html.noimages
Modern Greek,http://www.gutenberg.org/files/39600/39600-h/39600-h.htm
Modern Greek,http://www.gutenberg.org/ebooks/34881.html.noimages
Modern Greek,http://www.gutenberg.org/ebooks/35114.html.noimages
Modern Greek,http://www.gutenberg.org/ebooks/29015.html.noimages
Modern Greek,http://www.gutenberg.org/ebooks/32851.html.noimages
Modern Greek,http://www.gutenberg.org/files/40296/40296-h/40296-h.htm
Modern Greek,http://www.gutenberg.org/files/39085/39085-h/39085-h.htm
Modern Greek,http://www.gutenberg.org/ebooks/27429.html.noimages
Modern Greek,http://www.gutenberg.org/ebooks/35020.html.noimages
Modern Greek,http://www.gutenberg.org/ebooks/34880.html.noimages
Modern Greek,http://www.gutenberg.org/ebooks/34879.html.noimages
Modern Greek,http://www.gutenberg.org/files/39633/39633-h/39633-h.htm
Modern Greek,http://www.gutenberg.org/ebooks/36116.html.noimages
Modern Greek,http://www.gutenberg.org/ebooks/36088.html.noimages
Modern Greek,http://www.gutenberg.org/ebooks/30719.html.noimages
Modern Greek,http://www.gutenberg.org/ebooks/27315.html.noimages
Modern Greek,http://www.gutenberg.org/files/39963/39963-h/39963-h.htm
Modern Greek,http://www.gutenberg.org/files/39208/39208-h/39208-h.htm
Modern Greek,http://www.gutenberg.org/ebooks/29011.html.noimages
Modern Greek,http://www.gutenberg.org/ebooks/28626.html.noimages
Modern Greek,http://www.gutenberg.org/ebooks/27896.html.noimages
Modern Greek,http://www.gutenberg.org/files/27895/27895-h/27895-h.htm
Modern Greek,http://www.gutenberg.org/ebooks/27816.html.noimages
Modern Greek,http://www.gutenberg.org/files/32549/32549-h/32549-h.htm
Modern Greek,http://www.gutenberg.org/files/37641/37641-h/37641-h.htm
Modern Greek,http://www.gutenberg.org/ebooks/36300.html.noimages
Modern Greek,http://www.gutenberg.org/ebooks/35320.html.noimages
Modern Greek,http://www.gutenberg.org/ebooks/31442.html.noimages
Modern Greek,http://www.gutenberg.org/files/39409/39409-h/39409-h.htm
Modern Greek,http://www.gutenberg.org/ebooks/32729.html.noimages
Modern Greek,http://www.gutenberg.org/ebooks/31403.html.noimages
Modern Greek,http://www.gutenberg.org/ebooks/31435.html.noimages
Modern Greek,http://www.gutenberg.org/ebooks/33561.html.noimages
Modern Greek,http://www.gutenberg.org/ebooks/31437.html.noimages
Modern Greek,http://www.gutenberg.org/ebooks/26731.html.noimages
Modern Greek,http://www.gutenberg.org/ebooks/27073.html.noimages
Modern Greek,http://www.gutenberg.org/ebooks/31669.html.noimages
Modern Greek,http://www.gutenberg.org/ebooks/32304.html.noimages
Modern Greek,http://www.gutenberg.org/ebooks/32799.html.noimages
Modern Greek,http://www.gutenberg.org/files/39251/39251-h/39251-h.htm
Modern Greek,http://www.gutenberg.org/ebooks/33961.html.noimages
Modern Greek,http://www.gutenberg.org/ebooks/42962.html.noimages
Modern Greek,http://www.gutenberg.org/ebooks/32796.html.noimages
Modern Greek,http://www.gutenberg.org/ebooks/27389.html.noimages
Modern Greek,http://www.gutenberg.org/ebooks/4100.html.noimages
Modern Greek,http://www.gutenberg.org/ebooks/36129.html.noimages
Modern Greek,http://www.gutenberg.org/files/38915/38915-h/38915-h.htm
Modern Greek,http://www.gutenberg.org/files/38851/38851-h/38851-h.htm
Modern Greek,http://www.gutenberg.org/ebooks/32215.html.noimages
Modern Greek,http://www.gutenberg.org/files/39073/39073-h/39073-h.htm
Modern Greek,http://www.gutenberg.org/ebooks/33577.html.noimages
Modern Greek,http://www.gutenberg.org/ebooks/34118.html.noimages
Modern Greek,http://www.gutenberg.org/files/41868/41868-h/41868-h.htm
Modern Greek,http://www.gutenberg.org/ebooks/27946.html.noimages
Modern Greek,http://www.gutenberg.org/ebooks/27592.html.noimages
Modern Greek,http://www.gutenberg.org/ebooks/26784.html.noimages
Modern Greek,http://www.gutenberg.org/ebooks/27845.html.noimages
Modern Greek,http://www.gutenberg.org/files/39319/39319-h/39319-h.htm
Modern Greek,http://www.gutenberg.org/ebooks/32214.html.noimages
Modern Greek,http://www.gutenberg.org/ebooks/37162.html.noimages
Modern Greek,http://www.gutenberg.org/ebooks/33396.html.noimages
Modern Greek,http://www.gutenberg.org/ebooks/37816.html.noimages
Modern Greek,http://www.gutenberg.org/ebooks/37721.html.noimages
Modern Greek,http://www.gutenberg.org/ebooks/28779.html.noimages
Modern Greek,http://www.gutenberg.org/ebooks/35604.html.noimages
Modern Greek,http://www.gutenberg.org/files/35453/35453-h/35453-h.htm
Modern Greek,http://www.gutenberg.org/files/36049/36049-h/36049-h.htm
Modern Greek,http://www.gutenberg.org/ebooks/31402.html.noimages
Modern Greek,http://www.gutenberg.org/files/39764/39764-h/39764-h.htm
Modern Greek,http://www.gutenberg.org/files/39476/39476-h/39476-h.htm
Modern Greek,http://www.gutenberg.org/files/39493/39493-h/39493-h.htm
Modern Greek,http://www.gutenberg.org/files/39524/39524-h/39524-h.htm
Modern Greek,http://www.gutenberg.org/files/39530/39530-h/39530-h.htm
Modern Greek,http://www.gutenberg.org/ebooks/31400.html.noimages
Modern Greek,http://www.gutenberg.org/ebooks/34820.html.noimages
Modern Greek,http://www.gutenberg.org/ebooks/34874.html.noimages
Modern Greek,http://www.gutenberg.org/ebooks/32666.html.noimages
Modern Greek,http://www.gutenberg.org/ebooks/38055.html.noimages
Modern Greek,http://www.gutenberg.org/files/40061/40061-h/40061-h.htm
Modern Greek,http://www.gutenberg.org/ebooks/38213.html.noimages
Modern Greek,http://www.gutenberg.org/ebooks/36248.html.noimages
Modern Greek,http://www.gutenberg.org/ebooks/30613.html.noimages
Modern Greek,http://www.gutenberg.org/ebooks/30614.html.noimages
Modern Greek,http://www.gutenberg.org/ebooks/30615.html.noimages
Modern Greek,http://www.gutenberg.org/ebooks/30616.html.noimages
Modern Greek,http://www.gutenberg.org/ebooks/34182.html.noimages
Modern Greek,http://www.gutenberg.org/files/39007/39007-h/39007-h.htm
Modern Greek,http://www.gutenberg.org/ebooks/37791.html.noimages
Modern Greek,http://www.gutenberg.org/ebooks/31631.html.noimages
Modern Greek,http://www.gutenberg.org/ebooks/31446.html.noimages
Modern Greek,http://www.gutenberg.org/ebooks/31445.html.noimages
Modern Greek,http://www.gutenberg.org/ebooks/31865.html.noimages
Modern Greek,http://www.gutenberg.org/ebooks/38285.html.noimages
Modern Greek,http://www.gutenberg.org/ebooks/31444.html.noimages
Modern Greek,http://www.gutenberg.org/ebooks/36095.html.noimages
Modern Greek,http://www.gutenberg.org/ebooks/36096.html.noimages
Modern Greek,http://www.gutenberg.org/files/40329/40329-h/40329-h.htm
Modern Greek,http://sourceforge.net/projects/zefania-sharp/files/Bibles/GRC/Modern%20Greek/
Modern Greek,https://object.pouta.csc.fi/OPUS-OpenSubtitles/v2018/raw/el.zip
Modern Greek,https://unicode.org/udhr/d/udhr_ell_monotonic.txt (30/01/2019)
Modern Greek,https://unicode.org/udhr/d/udhr_ell_polytonic.txt (30/01/2019)
Modern Hebrew,http://www.gutenberg.org/files/61024/61024-h/61024-h.htm
Modern Hebrew,http://www.gutenberg.org/files/45252/45252-h/45252-h.htm
Modern Hebrew,http://www.gutenberg.org/ebooks/5139.html.noimages
Modern Hebrew,http://www.gutenberg.org/files/18291/18291-h/18291-h.htm
Modern Hebrew,http://www.gutenberg.org/files/43740/43740-h/43740-h.htm
Modern Hebrew,https://object.pouta.csc.fi/OPUS-OpenSubtitles/v2018/raw/he.zip
Modern Hebrew,https://unicode.org/udhr/d/udhr_heb.txt (30/01/2019)
Nama (Namibia),https://www.bible.com/de/bible/548/mat.1.kkg
Ngiyambaa,"Donaldson, Tamsin (1977). A description of Ngiyamba:, the language of the Waŋa:ybuwan people of Central Western New South Wales. Submitted for the degree of Doctor of Philosophy in the Australian National University."
Paraguayan Guaraní,https://unicode.org/udhr/d/udhr_gug.txt (30/01/2019)
Paraguayan Guraní,https://www.bible.com/versions/66
Plateau Malagasy,http://www.bible.is/MLGRCV/Mark/1/D<br>https://www.bible.com/af/bible/814/mat.1
Plateau Malagasy,https://unicode.org/udhr/d/udhr_plt.txt (30/01/2019)
Popti',http://www.bible.is/JACWBT/Matt/1
Rama,"Grinevald, C. (1990). A grammar of Rama. Report to National Science Foundation."
Rama,"Craig, C. (1986). The Rama language; a text with grammatical notes. Estudios de Lingüística Chibcha 5. 21-44."
Rapanui,"Kieviet, P. (2017). A grammar of Rapa Nui. Language Science Press, Studies in Diveristy Linguistics 12, p. 575-579."
Rapanui,"Kieviet, P. (2017). A grammar of Rapa Nui. Language Science Press, Studies in Diveristy Linguistics 12, p. 579-587."
Rapanui,"Kieviet, P. (2017). A grammar of Rapa Nui. Language Science Press, Studies in Diveristy Linguistics 12, p. 588-589."
Russian,http://www.gutenberg.org/files/30774/30774-h/30774-h.htm
Russian,http://www.gutenberg.org/files/14741/14741-h/14741-h.htm
Russian,http://www.gutenberg.org/files/16527/16527-h/16527-h.htm
Russian,http://www.gutenberg.org/ebooks/37196.html.noimages
Russian,http://unbound.biola.edu/index.cfm?method=downloads.showDownloadMain
Russian,https://object.pouta.csc.fi/OPUS-OpenSubtitles/v2018/raw/ru.zip
Russian,https://unicode.org/udhr/d/udhr_rus.txt (30/01/2019)
San Miguel El Grande Mixtec,http://www.scriptureearth.org/data/mig
Sango,http://www.bible.is/SAGCAR/Matt/1
Sango,https://unicode.org/udhr/d/udhr_sag.txt (30/01/2019)
Sanumá,http://www.bible.is/XSUMEV/Matt/1
Spanish,http://www.gutenberg.org/files/29640/29640-h/29640-h.htm
Spanish,http://www.gutenberg.org/files/54430/54430-h/54430-h.htm
Spanish,http://www.gutenberg.org/files/43017/43017-h/43017-h.htm
Spanish,http://www.gutenberg.org/files/50126/50126-h/50126-h.htm
Spanish,http://www.gutenberg.org/files/50726/50726-h/50726-h.htm
Spanish,http://www.gutenberg.org/files/54285/54285-h/54285-h.htm
Spanish,http://www.gutenberg.org/files/53003/53003-h/53003-h.htm
Spanish,http://www.gutenberg.org/files/40827/40827-h/40827-h.htm
Spanish,http://www.gutenberg.org/ebooks/13264.html.noimages
Spanish,http://www.gutenberg.org/files/60510/60510-h/60510-h.htm
Spanish,http://www.gutenberg.org/files/25687/25687-h/25687-h.htm
Spanish,http://www.gutenberg.org/files/45250/45250-h/45250-h.htm
Spanish,http://www.gutenberg.org/files/58484/58484-h/58484-h.htm
Spanish,http://www.gutenberg.org/files/54283/54283-h/54283-h.htm
Spanish,http://www.gutenberg.org/files/58545/58545-h/58545-h.htm
Spanish,http://www.gutenberg.org/files/55038/55038-h/55038-h.htm
Spanish,http://www.gutenberg.org/files/56770/56770-h/56770-h.htm
Spanish,http://www.gutenberg.org/files/28106/28106-h/28106-h.htm
Spanish,http://www.gutenberg.org/files/25705/25705-h/25705-h.htm
Spanish,http://www.gutenberg.org/files/41842/41842-h/41842-h.htm
Spanish,http://www.gutenberg.org/files/60376/60376-h/60376-h.htm
Spanish,http://www.gutenberg.org/files/27167/27167-h/27167-h.htm
Spanish,http://www.gutenberg.org/files/46279/46279-h/46279-h.htm
Spanish,http://www.gutenberg.org/files/29731/29731-h/29731-h.htm
Spanish,http://www.gutenberg.org/files/59154/59154-h/59154-h.htm
Spanish,http://www.gutenberg.org/files/29506/29506-h/29506-h.htm
Spanish,http://www.gutenberg.org/files/26314/26314-h/26314-h.htm
Spanish,http://www.gutenberg.org/files/17073/17073-h/17073-h.htm
Spanish,http://www.gutenberg.org/files/26404/26404-h/26404-h.htm
Spanish,http://www.gutenberg.org/files/17341/17341-h/17341-h.htm
Spanish,http://www.gutenberg.org/files/57505/57505-h/57505-h.htm
Spanish,http://www.gutenberg.org/ebooks/10825.html.noimages
Spanish,http://www.gutenberg.org/files/26947/26947-h/26947-h.htm
Spanish,http://www.gutenberg.org/ebooks/12275.html.noimages
Spanish,http://www.gutenberg.org/ebooks/12274.html.noimages
Spanish,http://www.gutenberg.org/ebooks/12276.html.noimages
Spanish,http://www.gutenberg.org/files/50430/50430-h/50430-h.htm
Spanish,http://www.gutenberg.org/files/19543/19543-h/19543-h.htm
Spanish,http://www.gutenberg.org/ebooks/16109.html.noimages
Spanish,http://www.gutenberg.org/files/53552/53552-h/53552-h.htm
Spanish,http://www.gutenberg.org/files/41106/41106-h/41106-h.htm
Spanish,http://www.gutenberg.org/files/30892/30892-h/30892-h.htm
Spanish,http://www.gutenberg.org/files/29799/29799-h/29799-h.htm
Spanish,http://www.gutenberg.org/files/25317/25317-h/25317-h.htm
Spanish,http://www.gutenberg.org/ebooks/16105.html.noimages
Spanish,http://www.gutenberg.org/ebooks/13458.html.noimages
Spanish,http://www.gutenberg.org/files/18157/18157-h/18157-h.htm
Spanish,http://www.gutenberg.org/files/39947/39947-h/39947-h.htm
Spanish,http://www.gutenberg.org/files/19643/19643-h/19643-h.htm
Spanish,http://www.gutenberg.org/files/43276/43276-h/43276-h.htm
Spanish,http://www.gutenberg.org/files/45770/45770-h/45770-h.htm
Spanish,http://www.gutenberg.org/files/20099/20099-h/20099-h.htm
Spanish,http://www.gutenberg.org/files/47287/47287-h/47287-h.htm
Spanish,http://www.gutenberg.org/files/47631/47631-h/47631-h.htm
Spanish,http://www.gutenberg.org/files/48903/48903-h/48903-h.htm
Spanish,http://www.gutenberg.org/ebooks/10293.html.noimages
Spanish,http://www.gutenberg.org/files/57648/57648-h/57648-h.htm
Spanish,http://www.gutenberg.org/files/41884/41884-h/41884-h.htm
Spanish,http://www.gutenberg.org/files/320/320-h/320-h.htm
Spanish,http://www.gutenberg.org/files/57303/57303-h/57303-h.htm
Spanish,http://www.gutenberg.org/files/46201/46201-h/46201-h.htm
Spanish,http://www.gutenberg.org/files/49063/49063-h/49063-h.htm
Spanish,http://www.gutenberg.org/files/52502/52502-h/52502-h.htm
Spanish,http://www.gutenberg.org/files/38885/38885-h/38885-h.htm
Spanish,http://www.gutenberg.org/files/43861/43861-h/43861-h.htm
Spanish,http://www.gutenberg.org/files/28967/28967-h/28967-h.htm
Spanish,http://www.gutenberg.org/files/53947/53947-h/53947-h.htm
Spanish,http://www.gutenberg.org/files/60210/60210-h/60210-h.htm
Spanish,http://www.gutenberg.org/files/40420/40420-h/40420-h.htm
Spanish,http://www.gutenberg.org/files/51019/51019-h/51019-h.htm
Spanish,http://www.gutenberg.org/files/51020/51020-h/51020-h.htm
Spanish,http://www.gutenberg.org/files/51689/51689-h/51689-h.htm
Spanish,http://www.gutenberg.org/files/28904/28904-h/28904-h.htm
Spanish,http://www.gutenberg.org/files/39948/39948-h/39948-h.htm
Spanish,http://www.gutenberg.org/files/19496/19496-h/19496-h.htm
Spanish,http://www.gutenberg.org/files/15531/15531-h/15531-h.htm
Spanish,http://www.gutenberg.org/files/28929/28929-h/28929-h.htm
Spanish,http://www.gutenberg.org/ebooks/13608.html.noimages
Spanish,http://www.gutenberg.org/ebooks/16132.html.noimages
Spanish,http://www.gutenberg.org/files/17974/17974-h/17974-h.htm
Spanish,http://www.gutenberg.org/files/59797/59797-h/59797-h.htm
Spanish,http://www.gutenberg.org/files/34565/34565-h/34565-h.htm
Spanish,http://www.gutenberg.org/files/38836/38836-h/38836-h.htm
Spanish,http://www.gutenberg.org/files/52595/52595-h/52595-h.htm
Spanish,http://www.gutenberg.org/ebooks/15046.html.noimages
Spanish,http://www.gutenberg.org/files/61189/61189-h/61189-h.htm
Spanish,http://www.gutenberg.org/files/47103/47103-h/47103-h.htm
Spanish,http://www.gutenberg.org/files/60464/60464-h/60464-h.htm
Spanish,http://www.gutenberg.org/files/49280/49280-h/49280-h.htm
Spanish,http://www.gutenberg.org/files/53517/53517-h/53517-h.htm
Spanish,http://www.gutenberg.org/files/49470/49470-h/49470-h.htm
Spanish,http://www.gutenberg.org/files/14307/14307-h/14307-h.htm
Spanish,http://www.gutenberg.org/files/51858/51858-h/51858-h.htm
Spanish,http://www.gutenberg.org/files/58298/58298-h/58298-h.htm
Spanish,http://www.gutenberg.org/files/48783/48783-h/48783-h.htm
Spanish,http://www.gutenberg.org/files/55157/55157-h/55157-h.htm
Spanish,http://www.gutenberg.org/files/12848/12848-h/12848-h.htm
Spanish,http://www.gutenberg.org/ebooks/47057.html.noimages
Spanish,http://www.gutenberg.org/files/54120/54120-h/54120-h.htm
Spanish,http://www.gutenberg.org/files/40544/40544-h/40544-h.htm
Spanish,http://www.gutenberg.org/files/43432/43432-h/43432-h.htm
Spanish,http://www.gutenberg.org/files/43033/43033-h/43033-h.htm
Spanish,https://www.bible.com/versions/28
Spanish,https://object.pouta.csc.fi/OPUS-OpenSubtitles/v2018/raw/es.zip
Spanish,https://unicode.org/udhr/d/udhr_spa.txt (30/01/2019)
Swahili,https://www.bible.com/de/bible/164/gen.1.suv
Swahili,https://object.pouta.csc.fi/OPUS-OpenSubtitles/v2013/raw/sw.zip
Swahili,https://unicode.org/udhr/d/udhr_swh.txt (30/01/2019)
Tagalog,http://www.gutenberg.org/files/14794/14794-h/14794-h.htm
Tagalog,http://www.gutenberg.org/files/15980/15980-h/15980-h.htm
Tagalog,http://www.gutenberg.org/files/42851/42851-h/42851-h.htm
Tagalog,http://www.gutenberg.org/files/14822/14822-h/14822-h.htm
Tagalog,http://www.gutenberg.org/files/17070/17070-h/17070-h.htm
Tagalog,http://www.gutenberg.org/files/18805/18805-h/18805-h.htm
Tagalog,http://www.gutenberg.org/files/14205/14205-h/14205-h.htm
Tagalog,http://www.gutenberg.org/files/18306/18306-h/18306-h.htm
Tagalog,http://www.gutenberg.org/files/18536/18536-h/18536-h.htm
Tagalog,http://www.gutenberg.org/files/16446/16446-h/16446-h.htm
Tagalog,http://www.gutenberg.org/files/13233/13233-h/13233-h.htm
Tagalog,http://www.gutenberg.org/files/35868/35868-h/35868-h.htm
Tagalog,http://www.gutenberg.org/files/16641/16641-h/16641-h.htm
Tagalog,http://www.gutenberg.org/files/16656/16656-h/16656-h.htm
Tagalog,http://www.gutenberg.org/files/17023/17023-h/17023-h.htm
Tagalog,http://www.gutenberg.org/files/15981/15981-h/15981-h.htm
Tagalog,http://www.gutenberg.org/files/14982/14982-h/14982-h.htm
Tagalog,http://www.gutenberg.org/files/18888/18888-h/18888-h.htm
Tagalog,http://www.gutenberg.org/files/47629/47629-h/47629-h.htm
Tagalog,http://www.gutenberg.org/files/13320/13320-h/13320-h.htm
Tagalog,http://www.gutenberg.org/files/13686/13686-h/13686-h.htm
Tagalog,http://www.gutenberg.org/files/16157/16157-h/16157-h.htm
Tagalog,http://www.gutenberg.org/files/14215/14215-h/14215-h.htm
Tagalog,http://www.gutenberg.org/files/18955/18955-h/18955-h.htm
Tagalog,http://www.gutenberg.org/files/45007/45007-h/45007-h.htm
Tagalog,http://www.gutenberg.org/files/18386/18386-h/18386-h.htm
Tagalog,http://www.gutenberg.org/files/18282/18282-h/18282-h.htm
Tagalog,http://www.gutenberg.org/files/20228/20228-h/20228-h.htm
Tagalog,http://www.gutenberg.org/files/18830/18830-h/18830-h.htm
Tagalog,http://www.gutenberg.org/files/15129/15129-h/15129-h.htm
Tagalog,http://www.gutenberg.org/files/17257/17257-h/17257-h.htm
Tagalog,http://www.gutenberg.org/files/16311/16311-h/16311-h.htm
Tagalog,http://www.gutenberg.org/files/18858/18858-h/18858-h.htm
Tagalog,http://www.gutenberg.org/files/16899/16899-h/16899-h.htm
Tagalog,http://www.gutenberg.org/files/17116/17116-h/17116-h.htm
Tagalog,http://www.gutenberg.org/files/18802/18802-h/18802-h.htm
Tagalog,http://www.gutenberg.org/files/18141/18141-h/18141-h.htm
Tagalog,http://www.gutenberg.org/files/15418/15418-h/15418-h.htm
Tagalog,http://www.gutenberg.org/files/13915/13915-h/13915-h.htm
Tagalog,http://www.gutenberg.org/files/13156/13156-h/13156-h.htm
Tagalog,http://www.gutenberg.org/files/46639/46639-h/46639-h.htm
Tagalog,http://www.gutenberg.org/files/15845/15845-h/15845-h.htm
Tagalog,http://www.gutenberg.org/files/17786/17786-h/17786-h.htm
Tagalog,http://www.gutenberg.org/files/18887/18887-h/18887-h.htm
Tagalog,http://www.gutenberg.org/files/13687/13687-h/13687-h.htm
Tagalog,http://www.gutenberg.org/files/43902/43902-h/43902-h.htm
Tagalog,http://www.gutenberg.org/files/16312/16312-h/16312-h.htm
Tagalog,http://www.gutenberg.org/files/13773/13773-h/13773-h.htm
Tagalog,http://www.gutenberg.org/files/17479/17479-h/17479-h.htm
Tagalog,http://www.gutenberg.org/files/17787/17787-h/17787-h.htm
Tagalog,http://www.gutenberg.org/files/15628/15628-h/15628-h.htm
Tagalog,http://www.gutenberg.org/files/20858/20858-h/20858-h.htm
Tagalog,http://unbound.biola.edu/index.cfm?method=downloads.showDownloadMain
Tagalog,https://object.pouta.csc.fi/OPUS-OpenSubtitles/v2018/raw/tl.zip
Tagalog,https://unicode.org/udhr/d/udhr_tgl.txt (30/01/2019)
Tamnim Citak,"Voorhoeve, C. L. (1965). The Flamingo Bay dialect of the Asmat language. Verhandelingen van het Koninklijk Instituut voor Taal-, Land- en Volkenkunde, Deel 46. 'S-Gravenhage, Martinus Nijhoff, p. 184."
Thai,https://www.bible.com/versions/175-kjv-phrakhamphiirphaasaaaithychbab-kjv
Thai,https://object.pouta.csc.fi/OPUS-OpenSubtitles/v2018/raw/th.zip
Thai,https://unicode.org/udhr/d/udhr_tha.txt (30/01/2019)
Turkish,http://www.bible.is/TRKBST/Gen/1<br>https://www.bible.com/de/versions/170/
Turkish,https://object.pouta.csc.fi/OPUS-OpenSubtitles/v2018/raw/tr.zip
Turkish,https://unicode.org/udhr/d/udhr_tur.txt (30/01/2019)
Vietnamese,http://unbound.biola.edu/index.cfm?method=downloads.showDownloadMain<br>https://www.bible.com/versions/193
Vietnamese,https://object.pouta.csc.fi/OPUS-OpenSubtitles/v2018/raw/vi.zip
Vietnamese,https://unicode.org/udhr/d/udhr_vie.txt (30/01/2019)
Vietnamese,https://unicode.org/udhr/d/udhr_vie_han.txt (30/01/2019)
Warao,"Osborn, H. (1960). Textos folklóricos Guarao. Antropológica 9, p. 21-38."
West Kewa,http://pngscriptures.org/kew/
Western Farsi,http://www.gutenberg.org/ebooks/46740.html.noimages
Western Farsi,https://www.bible.com/de/bible/136/gen.1.pov-fas
Western Farsi,https://object.pouta.csc.fi/OPUS-OpenSubtitles/v2018/raw/fa.zip
Western Farsi,https://unicode.org/udhr/d/udhr_pes_1.txt (30/01/2019)
Western Keres,"Boas, F. (1928). Keresan texts. Publications of the American Ethnological Society, Vol. 8, Part I and II. New York: G. E. Stechert and Company."
Wichí Lhamtés Güisnay,http://bibles.org/mzh-WCHB/Matt/1
Wichita,David S. Rood
Yagua,http://www.scriptureearth.org/data/yad
Yagua,https://unicode.org/udhr/d/udhr_yad.txt (30/01/2019)
Yaqui,http://www.scriptureearth.org/data/yaq
Yoruba,https://www.bible.com/de/bible/207/gen.1.yce
Yoruba,https://unicode.org/udhr/d/udhr_yor.txt (30/01/2019)
Zulu,https://unicode.org/udhr/d/udhr_zul.txt (30/01/2019)
